# x_m, y_m, w_tr_right_m, w_tr_left_m
27.3912,-7.4658,1.8387,3.1067
27.5807,-7.5762,1.8429,3.1077
27.8832,-7.7524,1.8494,3.1096
28.1856,-7.9287,1.8542,3.1131
28.1961,-7.9348,1.8544,3.1132
28.4877,-8.1054,1.8576,3.1184
28.7897,-8.2823,1.8597,3.1250
29.0915,-8.4596,1.8606,3.1327
29.3931,-8.6371,1.8602,3.1417
29.6947,-8.8147,1.8591,3.1516
29.9962,-8.9924,1.8573,3.1621
30.2977,-9.1702,1.8547,3.1732
30.5992,-9.3479,1.8518,3.1848
30.6560,-9.3813,1.8512,3.1869
30.9008,-9.5255,1.8486,3.1965
31.2024,-9.7031,1.8452,3.2083
31.5041,-9.8805,1.8418,3.2202
31.8058,-10.0579,1.8383,3.2321
32.1076,-10.2353,1.8349,3.2440
32.4093,-10.4126,1.8317,3.2557
32.7111,-10.5899,1.8328,3.2579
33.0128,-10.7673,1.8446,3.2572
33.1159,-10.8278,1.8487,3.2568
33.3146,-10.9446,1.8567,3.2562
33.6163,-11.1220,1.8690,3.2549
33.9180,-11.2994,1.8815,3.2535
34.2197,-11.4768,1.8942,3.2520
34.5214,-11.6542,1.9071,3.2502
34.8231,-11.8316,1.9201,3.2482
35.1248,-12.0091,1.9333,3.2461
35.4265,-12.1865,1.9467,3.2439
35.5757,-12.2743,1.9533,3.2427
35.7282,-12.3639,1.9602,3.2414
36.0299,-12.5414,1.9738,3.2389
36.3316,-12.7188,1.9876,3.2362
36.6333,-12.8962,2.0015,3.2334
36.9350,-13.0736,2.0154,3.2305
37.2367,-13.2510,2.0295,3.2275
37.5384,-13.4284,2.0437,3.2244
37.8401,-13.6058,2.0566,3.2204
38.0356,-13.7208,2.0610,3.2174
38.1418,-13.7832,2.0634,3.2154
38.4435,-13.9606,2.0593,3.2078
38.7452,-14.1380,2.0516,3.2001
39.0469,-14.3154,2.0441,3.1923
39.3486,-14.4929,2.0368,3.1843
39.6503,-14.6703,2.0297,3.1760
39.9520,-14.8477,2.0229,3.1674
40.2537,-15.0251,2.0165,3.1586
40.4955,-15.1672,2.0116,3.1511
40.5554,-15.2025,2.0105,3.1492
40.8572,-15.3799,2.0048,3.1394
41.1589,-15.5573,1.9997,3.1293
41.4606,-15.7347,1.9953,3.1184
41.7623,-15.9121,1.9913,3.1071
42.0640,-16.0895,1.9879,3.0952
42.3657,-16.2670,1.9855,3.0825
42.6674,-16.4444,1.9836,3.0691
42.9554,-16.6137,1.9825,3.0557
42.9691,-16.6218,1.9825,3.0550
43.2708,-16.7992,1.9823,3.0401
43.5725,-16.9766,1.9823,3.0364
43.8742,-17.1540,1.9828,3.0353
44.1759,-17.3314,1.9839,3.0342
44.4776,-17.5089,1.9861,3.0321
44.7793,-17.6863,1.9888,3.0295
45.0810,-17.8637,1.9919,3.0264
45.3827,-18.0411,1.9957,3.0226
45.4152,-18.0602,1.9961,3.0222
45.6844,-18.2185,2.0000,3.0185
45.9862,-18.3958,2.0045,3.0140
46.2879,-18.5732,2.0094,3.0091
46.5897,-18.7506,2.0145,3.0041
46.8914,-18.9280,2.0197,2.9989
47.1931,-19.1054,2.0249,2.9936
47.4947,-19.2829,2.0302,2.9884
47.7964,-19.4603,2.0354,2.9832
47.8751,-19.5067,2.0367,2.9818
48.0980,-19.6378,2.0404,2.9781
48.3995,-19.8153,2.0451,2.9733
48.7011,-19.9928,2.0496,2.9687
49.0027,-20.1703,2.0539,2.9644
49.3044,-20.3478,2.0578,2.9604
49.6061,-20.5252,2.0615,2.9567
49.9079,-20.7025,2.0651,2.9531
50.2098,-20.8797,2.0687,2.9496
50.3350,-20.9531,2.0701,2.9481
50.5119,-21.0569,2.0722,2.9461
50.8141,-21.2339,2.0757,2.9425
51.1163,-21.4110,2.0792,2.9390
51.4184,-21.5881,2.0827,2.9355
51.7204,-21.7653,2.0860,2.9322
52.0221,-21.9428,2.0891,2.9291
52.3234,-22.1204,2.0920,2.9261
52.6243,-22.2984,2.0946,2.9235
52.7949,-22.3996,2.0959,2.9222
52.9247,-22.4768,2.0969,2.9211
53.2246,-22.6555,2.0990,2.9190
53.5245,-22.8342,2.1016,2.9165
53.8246,-23.0128,2.1048,2.9135
54.1252,-23.1910,2.1091,2.9094
54.4268,-23.3685,2.1150,2.9036
54.7297,-23.5450,2.1186,2.8963
55.0341,-23.7205,2.1230,2.8869
55.2547,-23.8461,2.1274,2.8793
55.3405,-23.8945,2.1294,2.8761
55.6490,-24.0666,2.1371,2.8638
55.9599,-24.2354,2.1470,2.8491
56.2732,-24.3998,2.1601,2.8332
56.5891,-24.5585,2.1768,2.8142
56.9077,-24.7101,2.1962,2.7918
57.2291,-24.8535,2.2209,2.7674
57.5535,-24.9873,2.2519,2.7380
57.8808,-25.1103,2.2890,2.7056
58.2114,-25.2212,2.3316,2.6685
58.5452,-25.3188,2.3845,2.6263
58.8632,-25.3974,2.4458,2.5827
58.8825,-25.4017,2.4495,2.5799
59.2232,-25.4691,2.5270,2.5243
59.5670,-25.5214,2.6051,2.4812
59.9136,-25.5592,2.6873,2.4376
60.2626,-25.5831,2.7725,2.4202
60.6137,-25.5937,2.8565,2.4005
60.9664,-25.5918,2.9308,2.3786
61.3205,-25.5779,2.9997,2.3628
61.6755,-25.5527,3.0590,2.3537
62.0067,-25.5196,3.0988,2.3537
62.0311,-25.5168,3.1019,2.3543
62.3867,-25.4705,3.1431,2.3554
62.7408,-25.4127,3.1825,2.3503
63.0917,-25.3421,3.2093,2.3501
63.4379,-25.2573,3.2370,2.3531
63.7776,-25.1570,3.2671,2.3601
64.1092,-25.0399,3.3017,2.3661
64.4311,-24.9046,3.3381,2.3659
64.7417,-24.7499,3.3829,2.3583
65.0393,-24.5743,3.4423,2.3462
65.0797,-24.5481,3.4536,2.3439
65.3226,-24.3772,3.5171,2.3230
65.5931,-24.1608,3.5987,2.2922
65.8533,-23.9289,3.6870,2.2500
66.1055,-23.6850,3.7753,2.2011
66.3521,-23.4327,3.8561,2.1507
66.5955,-23.1757,3.9224,2.0996
66.8383,-22.9176,3.9753,2.0138
67.0727,-22.6722,4.0134,1.9423
67.0826,-22.6620,4.0148,1.9398
67.3305,-22.4116,4.0410,1.8858
67.5817,-22.1663,4.0619,1.8501
67.8356,-21.9249,4.0739,1.8288
68.0915,-21.6866,4.0819,1.8190
68.3488,-21.4503,4.0828,1.8171
68.6068,-21.2151,4.0806,1.8200
68.8649,-20.9801,4.0759,1.8255
69.0657,-20.7963,4.0701,1.8310
69.1224,-20.7442,4.0686,1.8323
69.3790,-20.5069,4.0614,1.8400
69.6347,-20.2683,4.0540,1.8478
69.8897,-20.0286,4.0457,1.8560
70.1442,-19.7882,4.0368,1.8653
70.3984,-19.5473,4.0273,1.8754
70.6524,-19.3061,4.0169,1.8863
70.9064,-19.0649,4.0053,1.8983
71.0587,-18.9205,3.9981,1.9063
71.1606,-18.8240,3.9928,1.9118
71.4150,-18.5834,3.9791,1.9263
71.6697,-18.3431,3.9642,1.9403
71.9245,-18.1031,3.9515,1.9497
72.1795,-17.8633,3.9418,1.9525
72.4345,-17.6238,3.9402,1.9538
72.6896,-17.3843,3.9384,1.9554
72.9447,-17.1449,3.9364,1.9572
73.0517,-17.0446,3.9355,1.9580
73.1998,-16.9056,3.9342,1.9592
73.4549,-16.6662,3.9319,1.9612
73.7098,-16.4268,3.9297,1.9632
73.9648,-16.1872,3.9274,1.9652
74.2196,-15.9474,3.9253,1.9671
74.4744,-15.7074,3.9234,1.9687
74.7291,-15.4670,3.9218,1.9702
74.9838,-15.2263,3.9204,1.9713
75.0447,-15.1687,3.9201,1.9715
75.2384,-14.9852,3.9194,1.9721
75.4930,-14.7439,3.9189,1.9709
75.7475,-14.5027,3.9201,1.9678
76.0022,-14.2617,3.9237,1.9630
76.2570,-14.0214,3.9279,1.9587
76.5119,-13.7820,3.9314,1.9551
76.7671,-13.5436,3.9339,1.9525
77.0226,-13.3068,3.9351,1.9512
77.0377,-13.2928,3.9352,1.9511
77.2784,-13.0715,3.9350,1.9513
77.5345,-12.8376,3.9336,1.9528
77.7908,-12.6048,3.9313,1.9553
78.0473,-12.3728,3.9281,1.9585
78.3040,-12.1412,3.9244,1.9623
78.5607,-11.9096,3.9204,1.9663
78.8175,-11.6778,3.9165,1.9703
79.0743,-11.4455,3.9126,1.9735
79.3310,-11.2122,3.9024,1.9759
79.5876,-10.9777,3.8850,1.9773
79.8441,-10.7416,3.8613,1.9781
80.1003,-10.5037,3.8382,1.9781
80.3563,-10.2635,3.8158,1.9772
80.6119,-10.0208,3.7943,1.9760
80.8672,-9.7752,3.7731,1.9737
81.1221,-9.5264,3.7526,1.9704
81.3764,-9.2740,3.7332,1.9667
81.6303,-9.0178,3.7146,1.9622
81.7339,-8.9119,3.7067,1.9599
81.8836,-8.7574,3.6959,1.9567
82.1352,-8.4926,3.6784,1.9497
82.3835,-8.2233,3.6632,1.9491
82.6266,-7.9493,3.6515,1.9493
82.8630,-7.6707,3.6421,1.9490
83.0907,-7.3871,3.6330,1.9477
83.3081,-7.0986,3.6251,1.9468
83.5135,-6.8050,3.6189,1.9453
83.7051,-6.5062,3.6127,1.9444
83.8811,-6.2021,3.5980,1.9458
84.0399,-5.8925,3.5736,1.9534
84.1796,-5.5775,3.5340,1.9730
84.2986,-5.2567,3.4630,1.9894
84.3951,-4.9302,3.3849,1.9973
84.4674,-4.5978,3.3158,2.0010
84.4677,-4.5959,3.3155,2.0010
84.5146,-4.2596,3.2613,1.9932
84.5397,-3.9163,3.2219,1.9775
84.5466,-3.5688,3.1997,1.9535
84.5393,-3.2180,3.1974,1.9213
84.5216,-2.8648,3.2179,1.8859
84.4974,-2.5101,3.2362,1.8493
84.4708,-2.1548,3.2514,1.8141
84.4455,-1.7999,3.2603,1.7843
84.4362,-1.6500,3.2619,1.7747
84.4254,-1.4461,3.2612,1.7640
84.4116,-1.0938,3.2558,1.7549
84.4031,-0.7427,3.2434,1.7536
84.3988,-0.3926,3.2264,1.7575
84.3978,-0.0433,3.2055,1.7647
84.3989,0.3056,3.1912,1.7730
84.4012,0.6542,3.1799,1.7809
84.4035,1.0028,3.1724,1.7879
84.4047,1.2959,3.1680,1.7920
84.4048,1.3516,3.1673,1.7926
84.4044,1.7008,3.1650,1.7946
84.4025,2.0503,3.1652,1.7945
84.3993,2.4002,3.1675,1.7923
84.3952,2.7503,3.1718,1.7883
84.3903,3.1005,3.1773,1.7830
84.3851,3.4508,3.1837,1.7768
84.3797,3.8012,3.1908,1.7699
84.3745,4.1515,3.1979,1.7627
84.3732,4.2418,3.1998,1.7609
84.3696,4.5017,3.2049,1.7557
84.3652,4.8519,3.2116,1.7489
84.3612,5.2019,3.2181,1.7424
84.3574,5.5519,3.2242,1.7361
84.3539,5.9018,3.2301,1.7302
84.3505,6.2517,3.2356,1.7247
84.3472,6.6016,3.2407,1.7194
84.3439,6.9515,3.2456,1.7145
84.3416,7.1877,3.2485,1.7115
84.3405,7.3014,3.2500,1.7101
84.3370,7.6513,3.2539,1.7060
84.3334,8.0013,3.2574,1.7025
84.3297,8.3512,3.2602,1.7003
84.3259,8.7012,3.2621,1.7026
84.3220,9.0512,3.2635,1.7071
84.3182,9.4012,3.2642,1.7123
84.3143,9.7512,3.2640,1.7184
84.3105,10.1012,3.2634,1.7250
84.3101,10.1336,3.2633,1.7257
84.3067,10.4512,3.2623,1.7321
84.3029,10.8012,3.2604,1.7399
84.2991,11.1512,3.2581,1.7482
84.2954,11.5012,3.2555,1.7567
84.2916,11.8512,3.2525,1.7656
84.2879,12.2011,3.2492,1.7749
84.2842,12.5511,3.2457,1.7842
84.2805,12.9011,3.2421,1.7938
84.2786,13.0796,3.2402,1.7987
84.2768,13.2511,3.2384,1.8034
84.2731,13.6010,3.2346,1.8130
84.2693,13.9510,3.2309,1.8225
84.2656,14.3010,3.2273,1.8320
84.2618,14.6510,3.2238,1.8413
84.2581,15.0010,3.2205,1.8504
84.2543,15.3509,3.2175,1.8592
84.2506,15.7009,3.2148,1.8676
84.2471,16.0255,3.2126,1.8751
84.2468,16.0509,3.2125,1.8757
84.2431,16.4009,3.2105,1.8834
84.2393,16.7509,3.2092,1.8905
84.2356,17.1008,3.2084,1.8952
84.2318,17.4508,3.2081,1.8974
84.2281,17.8008,3.2085,1.8970
84.2243,18.1508,3.2095,1.8960
84.2206,18.5008,3.2108,1.8947
84.2169,18.8507,3.2128,1.8928
84.2156,18.9714,3.2135,1.8921
84.2131,19.2007,3.2152,1.8904
84.2094,19.5507,3.2180,1.8877
84.2056,19.9007,3.2211,1.8846
84.2019,20.2507,3.2247,1.8810
84.1981,20.6006,3.2286,1.8772
84.1944,20.9506,3.2327,1.8732
84.1907,21.3006,3.2371,1.8688
84.1869,21.6506,3.2418,1.8642
84.1841,21.9173,3.2454,1.8606
84.1832,22.0006,3.2465,1.8595
84.1794,22.3505,3.2515,1.8545
84.1757,22.7005,3.2566,1.8495
84.1719,23.0505,3.2617,1.8443
84.1682,23.4005,3.2669,1.8391
84.1644,23.7505,3.2721,1.8339
84.1607,24.1004,3.2773,1.8287
84.1570,24.4504,3.2825,1.8235
84.1532,24.8004,3.2875,1.8185
84.1525,24.8632,3.2884,1.8176
84.1495,25.1504,3.2925,1.8135
84.1457,25.5004,3.2969,1.8086
84.1420,25.8503,3.3003,1.8040
84.1382,26.2003,3.2996,1.7995
84.1345,26.5503,3.2980,1.7953
84.1307,26.9003,3.2962,1.7912
84.1270,27.2503,3.2943,1.7872
84.1233,27.6002,3.2922,1.7834
84.1210,27.8091,3.2909,1.7812
84.1195,27.9502,3.2900,1.7797
84.1158,28.3002,3.2877,1.7762
84.1120,28.6502,3.2854,1.7727
84.1083,29.0002,3.2829,1.7693
84.1045,29.3501,3.2804,1.7659
84.1008,29.7001,3.2779,1.7626
84.0970,30.0501,3.2753,1.7593
84.0933,30.4001,3.2727,1.7560
84.0896,30.7501,3.2702,1.7527
84.0895,30.7550,3.2702,1.7527
84.0858,31.1000,3.2677,1.7494
84.0821,31.4500,3.2652,1.7460
84.0783,31.8000,3.2628,1.7425
84.0746,32.1500,3.2606,1.7390
84.0708,32.5000,3.2583,1.7353
84.0671,32.8499,3.2562,1.7316
84.0633,33.1999,3.2543,1.7276
84.0596,33.5499,3.2525,1.7236
84.0580,33.7009,3.2518,1.7218
84.0559,33.8999,3.2509,1.7194
84.0521,34.2499,3.2495,1.7149
84.0484,34.5998,3.2509,1.7103
84.0446,34.9498,3.2546,1.7055
84.0409,35.2998,3.2596,1.7005
84.0371,35.6498,3.2648,1.6953
84.0334,35.9998,3.2701,1.6901
84.0296,36.3497,3.2755,1.6847
84.0265,36.6468,3.2800,1.6802
84.0259,36.6997,3.2809,1.6793
84.0222,37.0497,3.2862,1.6740
84.0184,37.3997,3.2916,1.6686
84.0147,37.7497,3.2968,1.6633
84.0109,38.0996,3.3020,1.6581
84.0072,38.4496,3.3070,1.6531
84.0034,38.7996,3.3118,1.6483
83.9997,39.1496,3.3164,1.6436
83.9960,39.4996,3.3208,1.6392
83.9950,39.5927,3.3218,1.6381
83.9922,39.8495,3.3248,1.6351
83.9885,40.1995,3.3285,1.6314
83.9847,40.5495,3.3319,1.6279
83.9810,40.8995,3.3349,1.6249
83.9772,41.2495,3.3373,1.6224
83.9735,41.5994,3.3394,1.6203
83.9697,41.9494,3.3411,1.6186
83.9660,42.2994,3.3420,1.6176
83.9634,42.5386,3.3424,1.6172
83.9623,42.6494,3.3424,1.6172
83.9585,42.9994,3.3423,1.6173
83.9548,43.3494,3.3415,1.6181
83.9510,43.6993,3.3400,1.6196
83.9473,44.0493,3.3381,1.6216
83.9435,44.3993,3.3356,1.6241
83.9398,44.7493,3.3325,1.6273
83.9360,45.0993,3.3292,1.6307
83.9323,45.4492,3.3256,1.6344
83.9319,45.4845,3.3252,1.6348
83.9286,45.7992,3.3216,1.6383
83.9248,46.1492,3.3175,1.6425
83.9211,46.4991,3.3133,1.6467
83.9174,46.8491,3.3091,1.6509
83.9137,47.1991,3.3049,1.6550
83.9099,47.5491,3.3008,1.6591
83.9061,47.8990,3.2969,1.6630
83.9024,48.2490,3.2934,1.6664
83.9004,48.4304,3.2916,1.6682
83.8986,48.5991,3.2902,1.6696
83.8948,48.9491,3.2872,1.6725
83.8909,49.2991,3.2850,1.6747
83.8871,49.6491,3.2832,1.6765
83.8833,49.9991,3.2819,1.6777
83.8796,50.3491,3.2813,1.6783
83.8759,50.6991,3.2815,1.6781
83.8722,51.0490,3.2824,1.6773
83.8689,51.3763,3.2839,1.6758
83.8687,51.3989,3.2840,1.6757
83.8652,51.7487,3.2868,1.6729
83.8617,52.0985,3.2945,1.6666
83.8582,52.4483,3.3064,1.6553
83.8547,52.7981,3.3198,1.6421
83.8510,53.1481,3.3335,1.6286
83.8472,53.4981,3.3473,1.6148
83.8432,53.8482,3.3610,1.6010
83.8389,54.1986,3.3740,1.5876
83.8374,54.3222,3.3786,1.5830
83.8344,54.5491,3.3864,1.5747
83.8296,54.8997,3.3979,1.5628
83.8248,55.2504,3.4069,1.5529
83.8202,55.6009,3.4141,1.5449
83.8159,55.9512,3.4194,1.5394
83.8121,56.3012,3.4205,1.5373
83.8090,56.6508,3.4188,1.5396
83.8068,56.9998,3.4140,1.5462
83.8059,57.2681,3.4063,1.5537
83.8057,57.3481,3.4037,1.5574
83.8055,57.6958,3.3901,1.5739
83.8058,58.0432,3.3721,1.5933
83.8057,58.3909,3.3532,1.5991
83.8046,58.7391,3.3435,1.5987
83.8019,59.0884,3.3633,1.6033
83.7968,59.4393,3.3762,1.6154
83.7888,59.7920,3.3860,1.6384
83.7770,60.1471,3.3830,1.6740
83.7743,60.2141,3.3830,1.6842
83.7608,60.5049,3.3725,1.7402
83.7391,60.8644,3.3560,1.8467
83.7106,61.2245,3.3186,1.9690
83.6740,61.5837,3.2702,2.0957
83.6281,61.9408,3.1949,2.2177
83.5715,62.2944,3.0882,2.3288
83.5030,62.6433,2.9735,2.4273
83.4213,62.9861,2.8571,2.5130
83.3251,63.3215,2.7408,2.5862
83.2131,63.6482,2.6379,2.6424
83.0841,63.9648,2.5551,2.6841
82.9369,64.2702,2.4904,2.7104
82.8919,64.3539,2.4759,2.7154
82.7702,64.5630,2.4471,2.7254
82.5846,64.8439,2.4309,2.7317
82.3818,65.1141,2.4371,2.7278
82.1633,65.3752,2.4598,2.7161
81.9306,65.6284,2.4909,2.6933
81.6852,65.8753,2.5249,2.6644
81.4288,66.1171,2.5615,2.6278
81.1628,66.3554,2.5951,2.5894
80.8889,66.5914,2.6191,2.5554
80.6086,66.8267,2.6403,2.5289
80.3234,67.0625,2.6472,2.5148
80.0691,67.2722,2.6475,2.5161
80.0349,67.3004,2.6461,2.5176
79.7443,67.5409,2.6336,2.5398
79.4517,67.7820,2.6072,2.5790
79.1573,68.0215,2.5753,2.6386
78.8610,68.2571,2.5270,2.7342
78.5628,68.4865,2.4706,2.8754
78.2628,68.7073,2.4075,3.0228
77.9610,68.9174,2.3142,3.1737
77.6574,69.1143,2.2207,3.3277
77.3520,69.2958,2.1298,3.4772
77.0449,69.4596,2.0310,3.5885
76.7361,69.6034,1.9408,3.6596
76.4256,69.7249,1.8596,3.6947
76.1134,69.8217,1.7780,3.7089
75.7995,69.8917,1.7162,3.7096
75.4841,69.9325,1.6666,3.7049
75.4371,69.9359,1.6632,3.7042
75.1670,69.9422,1.6307,3.7027
74.8482,69.9224,1.6202,3.7027
74.5276,69.8755,1.6196,3.6976
74.2052,69.8043,1.6317,3.6801
73.8807,69.7113,1.6576,3.6494
73.5542,69.5992,1.6903,3.6055
73.2255,69.4705,1.7336,3.5498
72.8944,69.3280,1.7982,3.4822
72.5610,69.1741,1.8794,3.4085
72.2251,69.0116,1.9544,3.3273
71.8866,68.8431,2.0195,3.2404
71.5455,68.6711,2.0767,3.1531
71.2015,68.4983,2.1061,3.0782
70.9410,68.3694,2.1243,3.0404
70.8546,68.3273,2.1297,3.0339
70.5056,68.1594,2.1149,3.0540
70.1567,67.9932,2.0981,3.1494
69.8103,67.8272,2.0263,3.2855
69.4690,67.6597,1.9519,3.4326
69.1351,67.4891,1.8418,3.5728
68.8112,67.3138,1.7258,3.6930
68.4996,67.1322,1.6001,3.7896
68.2030,66.9426,1.4668,3.8582
67.9236,66.7435,1.3429,3.9036
67.6640,66.5332,1.2318,3.9248
67.4267,66.3102,1.1472,3.9280
67.2141,66.0727,1.0960,3.9226
67.0286,65.8192,1.0808,3.9199
66.9466,65.6856,1.0844,3.9236
66.8726,65.5481,1.1003,3.9326
66.7460,65.2595,1.1515,3.9528
66.6463,64.9547,1.2328,3.9646
66.5707,64.6355,1.3395,3.9549
66.5166,64.3034,1.4648,3.9131
66.4813,63.9601,1.6081,3.8342
66.4622,63.6070,1.7620,3.7187
66.4565,63.2458,1.9124,3.5701
66.4617,62.8781,2.0520,3.3965
66.4749,62.5054,2.1847,3.2088
66.4936,62.1294,2.2997,3.0134
66.5151,61.7517,2.3943,2.8233
66.5367,61.3738,2.4759,2.6541
66.5557,60.9973,2.5244,2.5146
66.5688,60.6475,2.5601,2.4199
66.5694,60.6238,2.5622,2.4142
66.5758,60.2545,2.5725,2.3407
66.5748,59.8895,2.5737,2.3077
66.5667,59.5283,2.5550,2.3097
66.5518,59.1707,2.5263,2.3504
66.5304,58.8163,2.4811,2.4360
66.5028,58.4650,2.4260,2.5500
66.4693,58.1163,2.3551,2.6753
66.4302,57.7699,2.2752,2.8083
66.3859,57.4257,2.1794,2.9450
66.3367,57.0831,2.0755,3.0806
66.2828,56.7421,1.9614,3.2138
66.2246,56.4021,1.8406,3.3440
66.1623,56.0631,1.7144,3.4634
66.0964,55.7245,1.5852,3.5751
66.0270,55.3862,1.4579,3.6817
65.9546,55.0479,1.3316,3.7696
65.8794,54.7091,1.2082,3.8504
65.8017,54.3698,1.0933,3.9180
65.7218,54.0294,0.9938,3.9690
65.6401,53.6877,0.9143,4.0120
65.5732,53.4115,0.8686,4.0317
65.5568,53.3445,0.8602,4.0357
65.4720,52.9997,0.8381,4.0574
65.3849,52.6541,0.8558,4.0627
65.2945,52.3085,0.8983,4.0637
65.2001,51.9637,0.9578,4.0478
65.1007,51.6205,1.0276,4.0198
64.9955,51.2798,1.1024,3.9857
64.8836,50.9424,1.1793,3.9418
64.7642,50.6091,1.2404,3.8926
64.6364,50.2808,1.2925,3.8441
64.4993,49.9583,1.3384,3.7927
64.3520,49.6423,1.3807,3.7335
64.1937,49.3338,1.4167,3.6802
64.0235,49.0336,1.4450,3.6319
63.8406,48.7424,1.4676,3.5915
63.7014,48.5402,1.4802,3.5676
63.6440,48.4612,1.4842,3.5598
63.4336,48.1901,1.4935,3.5371
63.2106,47.9283,1.4988,3.5200
62.9762,47.6750,1.5053,3.5052
62.7316,47.4291,1.5087,3.4869
62.4781,47.1899,1.5095,3.4687
62.2170,46.9563,1.5104,3.4532
61.9494,46.7274,1.5108,3.4397
61.6766,46.5024,1.5098,3.4266
61.3998,46.2804,1.5083,3.4126
61.1204,46.0603,1.5083,3.3994
60.8396,45.8414,1.5083,3.3861
60.5585,45.6226,1.5123,3.3715
60.2785,45.4031,1.5273,3.3591
60.0008,45.1819,1.5472,3.3463
59.8188,45.0342,1.5631,3.3366
59.7266,44.9582,1.5722,3.3310
59.4564,44.7316,1.6024,3.3113
59.1898,44.5024,1.6370,3.2873
58.9261,44.2712,1.6752,3.2593
58.6647,44.0385,1.7161,3.2281
58.4050,43.8047,1.7590,3.1941
58.1463,43.5704,1.8030,3.1578
57.8881,43.3360,1.8474,3.1201
57.6296,43.1020,1.8914,3.0817
57.3704,42.8689,1.9342,3.0430
57.1097,42.6371,1.9747,3.0041
56.8470,42.4073,2.0115,2.9652
56.5817,42.1799,2.0435,2.9259
56.3130,41.9553,2.0685,2.8925
56.0404,41.7340,2.0872,2.8673
55.7798,41.5293,2.0960,2.8533
55.7634,41.5166,2.0964,2.8528
55.4816,41.3031,2.0972,2.8515
55.1965,41.0923,2.0901,2.8623
54.9097,40.8828,2.0735,2.8831
54.6230,40.6730,2.0522,2.9126
54.3379,40.4616,2.0226,2.9502
54.0563,40.2470,1.9878,2.9920
53.7797,40.0277,1.9521,3.0354
53.5098,39.8023,1.9104,3.0776
53.2484,39.5692,1.8682,3.1203
52.9970,39.3271,1.8302,3.1590
52.7574,39.0744,1.7905,3.1889
52.5313,38.8096,1.7544,3.2181
52.3202,38.5313,1.7281,3.2352
52.1803,38.3244,1.7099,3.2463
52.1260,38.2381,1.7069,3.2494
51.9498,37.9296,1.6896,3.2546
51.7922,37.6076,1.6834,3.2564
51.6537,37.2742,1.6803,3.2498
51.5348,36.9313,1.6739,3.2456
51.4360,36.5811,1.6767,3.2365
51.3576,36.2255,1.6730,3.2281
51.3003,35.8666,1.6665,3.2230
51.2644,35.5063,1.6693,3.2201
51.2505,35.1466,1.6487,3.2223
51.2591,34.7897,1.6406,3.2299
51.2906,34.4375,1.6231,3.2401
51.3455,34.0920,1.6078,3.2437
51.3763,33.9463,1.6034,3.2437
51.4242,33.7552,1.6055,3.2458
51.5260,33.4276,1.5981,3.2431
51.6492,33.1086,1.6046,3.2320
51.7921,32.7975,1.6227,3.2205
51.9531,32.4938,1.6403,3.1976
52.1304,32.1967,1.6691,3.1725
52.3224,31.9057,1.7060,3.1361
52.5273,31.6200,1.7449,3.0946
52.7434,31.3391,1.7872,3.0433
52.9692,31.0623,1.8326,2.9845
53.2027,30.7889,1.8769,2.9244
53.4424,30.5183,1.9177,2.8620
53.6866,30.2498,1.9570,2.7998
53.9336,29.9829,1.9920,2.7403
54.1816,29.7168,2.0195,2.6874
54.4290,29.4510,2.0421,2.6409
54.6741,29.1847,2.0573,2.6118
54.9151,28.9173,2.0637,2.6000
54.9341,28.8960,2.0639,2.5997
55.1508,28.6484,2.0632,2.6013
55.3815,28.3781,2.0543,2.6121
55.6079,28.1068,2.0397,2.6304
55.8311,27.8350,2.0205,2.6536
56.0518,27.5631,1.9967,2.6793
56.2709,27.2915,1.9711,2.7061
56.4894,27.0206,1.9445,2.7321
56.7080,26.7508,1.9186,2.7558
56.9277,26.4826,1.8953,2.7766
57.1493,26.2164,1.8761,2.7933
57.3737,25.9526,1.8627,2.8087
57.4233,25.8952,1.8613,2.8121
57.6016,25.6916,1.8581,2.8230
57.8324,25.4325,1.8613,2.8309
58.0649,25.1744,1.8707,2.8353
58.2981,24.9162,1.8846,2.8339
58.5307,24.6566,1.9027,2.8293
58.7616,24.3947,1.9242,2.8234
58.9895,24.1293,1.9465,2.8138
59.2134,23.8592,1.9683,2.8035
59.4321,23.5834,1.9906,2.7945
59.6443,23.3008,2.0118,2.7875
59.8490,23.0102,2.0294,2.7790
59.9956,22.7883,2.0410,2.7700
60.0449,22.7105,2.0437,2.7657
60.2307,22.4015,2.0567,2.7529
60.4045,22.0840,2.0647,2.7452
60.5644,21.7595,2.0674,2.7408
60.7085,21.4291,2.0693,2.7392
60.8349,21.0940,2.0645,2.7445
60.9417,20.7554,2.0533,2.7580
61.0271,20.4147,2.0395,2.7849
61.0890,20.0729,2.0160,2.8382
61.1257,19.7315,1.9896,2.9274
61.1355,19.4706,1.9608,3.0052
61.1352,19.3914,1.9530,3.0335
61.1169,19.0537,1.9083,3.1523
61.0724,18.7183,1.8488,3.2774
61.0040,18.3853,1.7759,3.4044
60.9136,18.0544,1.6955,3.5290
60.8033,17.7258,1.6074,3.6193
60.6752,17.3992,1.5189,3.6995
60.5313,17.0748,1.4379,3.7735
60.3738,16.7523,1.3700,3.8371
60.2047,16.4319,1.3174,3.8823
60.0260,16.1133,1.2813,3.9217
59.8399,15.7966,1.2629,3.9487
59.6483,15.4817,1.2636,3.9592
59.4534,15.1685,1.2854,3.9644
59.2573,14.8571,1.3291,3.9378
59.2493,14.8445,1.3310,3.9368
59.0615,14.5474,1.3925,3.9056
58.8657,14.2401,1.4705,3.8558
58.6691,13.9361,1.5581,3.7951
58.4706,13.6362,1.6504,3.7278
58.2695,13.3412,1.7433,3.6451
58.0648,13.0520,1.8341,3.5589
57.8555,12.7694,1.9205,3.4699
57.6409,12.4942,1.9993,3.3782
57.4200,12.2272,2.0697,3.2879
57.1919,11.9693,2.1338,3.2038
56.9558,11.7214,2.1878,3.1280
56.7106,11.4842,2.2339,3.0619
56.4555,11.2586,2.2714,3.0068
56.3036,11.1341,2.2891,2.9778
56.1896,11.0453,2.2996,2.9617
55.9127,10.8448,2.3225,2.9280
55.6254,10.6570,2.3367,2.9049
55.3284,10.4815,2.3492,2.8910
55.0223,10.3181,2.3547,2.8840
54.7077,10.1667,2.3568,2.8659
54.3854,10.0271,2.3562,2.8513
54.0559,9.8990,2.3501,2.8419
53.7199,9.7821,2.3425,2.8373
53.3780,9.6764,2.3319,2.8339
53.0310,9.5816,2.3169,2.8329
52.6794,9.4975,2.3005,2.8359
52.3240,9.4238,2.2821,2.8424
51.9652,9.3604,2.2601,2.8501
51.6039,9.3071,2.2358,2.8494
51.2407,9.2636,2.2279,2.8450
50.8761,9.2297,2.2268,2.8388
50.5109,9.2052,2.2312,2.8331
50.1458,9.1899,2.2367,2.8264
49.7813,9.1836,2.2422,2.8211
49.4181,9.1860,2.2468,2.8171
49.0568,9.1971,2.2510,2.8111
48.9023,9.2044,2.2551,2.8083
48.6981,9.2165,2.2585,2.8034
48.3423,9.2440,2.2665,2.7963
47.9891,9.2794,2.2750,2.7897
47.6386,9.3224,2.2843,2.7912
47.2904,9.3728,2.2895,2.7938
46.9446,9.4303,2.2947,2.7970
46.6010,9.4948,2.2998,2.7980
46.2595,9.5659,2.3048,2.7977
45.9199,9.6435,2.3120,2.7985
45.5822,9.7272,2.3180,2.8003
45.2461,9.8168,2.3228,2.8000
44.9116,9.9122,2.3277,2.8014
44.5786,10.0130,2.3319,2.8046
44.2470,10.1189,2.3341,2.8086
43.9165,10.2299,2.3351,2.8143
43.5871,10.3455,2.3255,2.8224
43.2587,10.4656,2.3098,2.8323
42.9312,10.5900,2.2889,2.8416
42.6043,10.7183,2.2694,2.8504
42.2781,10.8504,2.2499,2.8590
41.9523,10.9860,2.2313,2.8661
41.6268,11.1248,2.2143,2.8694
41.3016,11.2666,2.2018,2.8710
40.9764,11.4112,2.1927,2.8702
40.6513,11.5583,2.1879,2.8626
40.3260,11.7077,2.1885,2.8518
40.0004,11.8592,2.1948,2.8377
39.6744,12.0124,2.2021,2.8297
39.5001,12.0949,2.2103,2.8255
39.3479,12.1672,2.2177,2.8179
39.0210,12.3235,2.2402,2.8020
38.6940,12.4815,2.2692,2.7774
38.3672,12.6413,2.3039,2.7488
38.0411,12.8033,2.3435,2.7166
37.7159,12.9674,2.3874,2.6780
37.3921,13.1340,2.4365,2.6354
37.0698,13.3031,2.4885,2.5904
36.7496,13.4751,2.5427,2.5421
36.4317,13.6500,2.5983,2.4897
36.1164,13.8280,2.6551,2.4361
35.8042,14.0094,2.7148,2.3818
35.4954,14.1943,2.7750,2.3248
35.1903,14.3829,2.8353,2.2664
34.8892,14.5753,2.8951,2.2082
34.5925,14.7718,2.9563,2.1504
34.3006,14.9726,3.0171,2.0898
34.0138,15.1778,3.0763,2.0301
33.7324,15.3876,3.1335,1.9721
33.4568,15.6021,3.1884,1.9140
33.1874,15.8217,3.2355,1.8558
32.9244,16.0464,3.2752,1.8022
32.6682,16.2764,3.3145,1.7546
32.4192,16.5119,3.3492,1.7191
32.1777,16.7532,3.3799,1.6880
31.9441,17.0003,3.4077,1.6618
31.7186,17.2535,3.4290,1.6386
31.5017,17.5130,3.4482,1.6203
31.2937,17.7788,3.4601,1.6089
31.1651,17.9529,3.4668,1.6046
31.0949,18.0513,3.4691,1.6046
30.9055,18.3304,3.4712,1.6052
30.7250,18.6159,3.4704,1.6135
30.5531,18.9074,3.4632,1.6289
30.3894,19.2048,3.4527,1.6491
30.2336,19.5077,3.4381,1.6794
30.0854,19.8159,3.4222,1.7173
29.9443,20.1292,3.4028,1.7603
29.8100,20.4471,3.3788,1.8047
29.6822,20.7696,3.3538,1.8523
29.5605,21.0963,3.3252,1.9028
29.4444,21.4269,3.2942,1.9515
29.3338,21.7611,3.2639,2.0005
29.2281,22.0988,3.2325,2.0501
29.1271,22.4396,3.2010,2.0963
29.0303,22.7833,3.1722,2.1393
28.9375,23.1296,3.1466,2.1802
28.8482,23.4782,3.1135,2.2130
28.7622,23.8288,3.0724,2.2398
28.6789,24.1813,3.0292,2.2637
28.5982,24.5352,2.9922,2.2822
28.5196,24.8904,2.9609,2.2959
28.4427,25.2466,2.9344,2.3068
28.3672,25.6035,2.9128,2.3125
28.2927,25.9608,2.8961,2.3133
28.2190,26.3183,2.8854,2.3111
28.1788,26.5139,2.8822,2.3071
28.1455,26.6757,2.8803,2.3038
28.0724,27.0329,2.8842,2.2920
28.0001,27.3897,2.8960,2.2757
27.9290,27.7462,2.9130,2.2500
27.8595,28.1022,2.9339,2.2180
27.7922,28.4577,2.9567,2.1837
27.7274,28.8127,2.9807,2.1478
27.6657,29.1672,3.0057,2.1088
27.6074,29.5210,3.0332,2.0693
27.5530,29.8741,3.0607,2.0299
27.5029,30.2264,3.0892,1.9880
27.4577,30.5780,3.1250,1.9465
27.4178,30.9287,3.1695,1.9058
27.3835,31.2785,3.2145,1.8623
27.3554,31.6274,3.2578,1.8167
27.3339,31.9753,3.2986,1.7727
27.3195,32.3221,3.3349,1.7309
27.3126,32.6678,3.3690,1.6911
27.3136,33.0124,3.3981,1.6560
27.3230,33.3557,3.4229,1.6261
27.3413,33.6978,3.4435,1.5991
27.3688,34.0385,3.4583,1.5787
27.4062,34.3779,3.4691,1.5653
27.4537,34.7159,3.4735,1.5580
27.5118,35.0524,3.4738,1.5581
27.5309,35.1507,3.4727,1.5600
27.5810,35.3874,3.4672,1.5669
27.6607,35.7209,3.4561,1.5839
27.7500,36.0532,3.4380,1.6062
27.8481,36.3843,3.4160,1.6350
27.9538,36.7145,3.3878,1.6695
28.0664,37.0438,3.3555,1.7078
28.1848,37.3725,3.3189,1.7494
28.3081,37.7007,3.2781,1.7941
28.4355,38.0285,3.2351,1.8409
28.5658,38.3562,3.1893,1.8885
28.6983,38.6837,3.1416,1.9369
28.8319,39.0114,3.0930,1.9852
28.9657,39.3394,3.0442,2.0326
29.0989,39.6678,2.9956,2.0782
29.2303,39.9967,2.9482,2.1196
29.3592,40.3264,2.9027,2.1554
29.4845,40.6569,2.8598,2.1880
29.6053,40.9885,2.8207,2.2163
29.7093,41.2874,2.7897,2.2374
29.7207,41.3213,2.7864,2.2395
29.8301,41.6554,2.7581,2.2581
29.9335,41.9907,2.7353,2.2721
30.0315,42.3272,2.7178,2.2820
30.1242,42.6648,2.7051,2.2885
30.2121,43.0035,2.6966,2.2913
30.2955,43.3431,2.6910,2.2912
30.3748,43.6837,2.6884,2.2888
30.4503,44.0251,2.6885,2.2839
30.5223,44.3673,2.6905,2.2773
30.5913,44.7103,2.6933,2.2696
30.6575,45.0538,2.7056,2.2586
30.7213,45.3980,2.7261,2.2433
30.7831,45.7426,2.7482,2.2275
30.8432,46.0877,2.7708,2.2108
30.9019,46.4332,2.7942,2.1935
30.9596,46.7790,2.8181,2.1758
31.0167,47.1251,2.8425,2.1574
31.0734,47.4713,2.8676,2.1385
31.1302,47.8176,2.8931,2.1191
31.1874,48.1640,2.9193,2.0989
31.2454,48.5103,2.9463,2.0784
31.3044,48.8566,2.9735,2.0575
31.3145,48.9148,2.9783,2.0539
31.3648,49.2026,3.0014,2.0354
31.4265,49.5486,3.0201,2.0162
31.4890,49.8944,3.0362,2.0005
31.5521,50.2402,3.0512,1.9855
31.6154,50.5858,3.0677,1.9699
31.6786,50.9315,3.0848,1.9533
31.7413,51.2771,3.1025,1.9359
31.8033,51.6228,3.1206,1.9182
31.8642,51.9685,3.1383,1.9001
31.9236,52.3143,3.1559,1.8821
31.9813,52.6602,3.1736,1.8648
32.0368,53.0062,3.1897,1.8477
32.0899,53.3525,3.2079,1.8308
32.1403,53.6989,3.2280,1.8165
32.1876,54.0455,3.2469,1.8035
32.2314,54.3924,3.2626,1.7923
32.2714,54.7395,3.2770,1.7838
32.3074,55.0870,3.2856,1.7820
32.3389,55.4348,3.2890,1.7854
32.3657,55.7830,3.2904,1.7953
32.3873,56.1315,3.2813,1.8135
32.4036,56.4805,3.2668,1.8338
32.4140,56.8300,3.2490,1.8344
32.4142,56.8383,3.2487,1.8344
32.4184,57.1798,3.2317,1.8326
32.4165,57.5300,3.2163,1.8425
32.4079,57.8804,3.1985,1.8590
32.3925,58.2307,3.1730,1.8796
32.3699,58.5807,3.1465,1.9027
32.3400,58.9304,3.1153,1.9306
32.3024,59.2796,3.0811,1.9573
32.2569,59.6279,3.0484,1.9829
32.2033,59.9754,3.0168,2.0195
32.1412,60.3218,2.9854,2.0600
32.0705,60.6669,2.9497,2.1010
31.9909,61.0105,2.9082,2.1403
31.9020,61.3526,2.8601,2.1756
31.8038,61.6928,2.8138,2.2063
31.6958,62.0311,2.7719,2.2364
31.5779,62.3673,2.7344,2.2628
31.4784,62.6291,2.7072,2.2807
31.4498,62.7011,2.7011,2.2852
31.3113,63.0322,2.6673,2.3079
31.1623,63.3597,2.6374,2.3327
31.0028,63.6825,2.6103,2.3578
30.8329,63.9996,2.5823,2.3872
30.6523,64.3102,2.5527,2.4122
30.4613,64.6132,2.5277,2.4324
30.2596,64.9075,2.5084,2.4532
30.0473,65.1924,2.4894,2.4680
29.8243,65.4666,2.4739,2.4796
29.5906,65.7293,2.4653,2.4887
29.3463,65.9795,2.4620,2.4904
29.0911,66.2162,2.4588,2.4930
28.8252,66.4383,2.4646,2.4869
28.6054,66.6044,2.4764,2.4819
28.5485,66.6450,2.4802,2.4795
28.2612,66.8360,2.4976,2.4638
27.9644,67.0124,2.5223,2.4439
27.6589,67.1759,2.5539,2.4187
27.3459,67.3280,2.5880,2.3869
27.0264,67.4701,2.6212,2.3559
26.7014,67.6037,2.6569,2.3208
26.3718,67.7305,2.6929,2.2837
26.0388,67.8518,2.7228,2.2497
25.7034,67.9691,2.7489,2.2175
25.3665,68.0841,2.7691,2.1903
25.0293,68.1981,2.7815,2.1711
24.6927,68.3128,2.7899,2.1601
24.5691,68.3554,2.7905,2.1582
24.3577,68.4294,2.7906,2.1582
24.0245,68.5483,2.7846,2.1647
23.6928,68.6688,2.7740,2.1783
23.3625,68.7904,2.7559,2.1974
23.0330,68.9124,2.7346,2.2223
22.7043,69.0341,2.7096,2.2501
22.3760,69.1550,2.6807,2.2802
22.0477,69.2745,2.6499,2.3127
21.7192,69.3919,2.6167,2.3687
21.3902,69.5066,2.5604,2.4253
21.0605,69.6180,2.5027,2.4797
20.7296,69.7255,2.4465,2.5331
20.3974,69.8285,2.3913,2.5833
20.0635,69.9263,2.3382,2.6296
20.0074,69.9421,2.3297,2.6375
19.7277,70.0184,2.2886,2.6743
19.3900,70.1047,2.2427,2.7157
19.0504,70.1852,2.1985,2.7544
18.7092,70.2600,2.1575,2.7922
18.3663,70.3292,2.1209,2.8241
18.0220,70.3928,2.0924,2.8484
17.6763,70.4509,2.0792,2.8544
17.3293,70.5036,2.0727,2.8551
16.9811,70.5509,2.0670,2.8552
16.6319,70.5929,2.0596,2.8566
16.2817,70.6297,2.0530,2.8577
15.9306,70.6612,2.0461,2.8589
15.5789,70.6877,2.0351,2.8643
15.4332,70.6972,2.0317,2.8657
15.2265,70.7091,2.0240,2.8714
14.8736,70.7253,2.0111,2.8801
14.5207,70.7357,1.9930,2.8914
14.1678,70.7399,1.9752,2.9081
13.8154,70.7375,1.9554,2.9295
13.4636,70.7281,1.9352,2.9543
13.1127,70.7111,1.9171,2.9817
12.7631,70.6863,1.8976,3.0087
12.4150,70.6530,1.8766,3.0329
12.0687,70.6109,1.8589,3.0568
11.7243,70.5596,1.8433,3.0775
11.3824,70.4985,1.8286,3.0935
11.3585,70.4938,1.8279,3.0944
11.0429,70.4274,1.8195,3.1081
10.7058,70.3467,1.8156,3.1176
10.3708,70.2572,1.8124,3.1257
10.0377,70.1595,1.8134,3.1307
9.7063,70.0542,1.8181,3.1326
9.3762,69.9421,1.8228,3.1350
9.0472,69.8239,1.8280,3.1357
8.7191,69.7001,1.8343,3.1361
8.3917,69.5716,1.8372,3.1405
8.0646,69.4389,1.8374,3.1472
7.7376,69.3028,1.8362,3.1579
7.4105,69.1639,1.8272,3.1743
7.0830,69.0230,1.8140,3.2008
6.8784,68.9343,1.8027,3.2209
6.7548,68.8806,1.7959,3.2339
6.4264,68.7367,1.7675,3.2719
6.0988,68.5904,1.7357,3.3144
5.7733,68.4405,1.6978,3.3605
5.4509,68.2860,1.6544,3.4094
5.1328,68.1257,1.6112,3.4599
4.8203,67.9586,1.5644,3.5069
4.5144,67.7836,1.5175,3.5493
4.2165,67.5996,1.4753,3.5887
3.9276,67.4055,1.4346,3.6180
3.6489,67.2002,1.3988,3.6503
3.3817,66.9827,1.3733,3.6713
3.1270,66.7519,1.3547,3.6864
3.0055,66.6319,1.3498,3.6916
2.8860,66.5067,1.3458,3.6950
2.6592,66.2470,1.3509,3.6962
2.4462,65.9741,1.3637,3.6950
2.2466,65.6888,1.3818,3.6873
2.0601,65.3923,1.4099,3.6742
1.8864,65.0856,1.4385,3.6573
1.7251,64.7698,1.4687,3.6363
1.5759,64.4460,1.5052,3.6114
1.4383,64.1152,1.5330,3.5883
1.3121,63.7785,1.5633,3.5611
1.1969,63.4369,1.5943,3.5299
1.0924,63.0916,1.6175,3.5026
0.9981,62.7436,1.6432,3.4759
0.9227,62.4328,1.6644,3.4520
0.9138,62.3940,1.6677,3.4498
0.8392,62.0435,1.6881,3.4268
0.7747,61.6927,1.7119,3.4056
0.7205,61.3416,1.7376,3.3821
0.6772,60.9905,1.7639,3.3588
0.6450,60.6396,1.7962,3.3328
0.6243,60.2892,1.8351,3.3026
0.6155,59.9394,1.8773,3.2737
0.6190,59.5905,1.9253,3.2390
0.6352,59.2427,1.9804,3.2043
0.6643,58.8962,2.0409,3.1625
0.6998,58.6014,2.0937,3.1256
0.7068,58.5513,2.1036,3.1187
0.7625,58.2081,2.1713,3.0666
0.8301,57.8664,2.2420,3.0081
0.9080,57.5260,2.3038,2.9463
0.9944,57.1869,2.3616,2.8815
1.0878,56.8487,2.4140,2.8177
1.1867,56.5114,2.4523,2.7596
1.2893,56.1748,2.4870,2.7058
1.3941,55.8386,2.5123,2.6613
1.4994,55.5028,2.5288,2.6286
1.5654,55.2911,2.5358,2.6143
1.6037,55.1670,2.5396,2.6084
1.7059,54.8313,2.5383,2.6005
1.8058,54.4955,2.5324,2.6032
1.9035,54.1593,2.5183,2.6150
1.9986,53.8228,2.4981,2.6350
2.0912,53.4858,2.4728,2.6623
2.1811,53.1481,2.4408,2.6948
2.2682,52.8097,2.4050,2.7337
2.3524,52.4704,2.3648,2.7801
2.4336,52.1301,2.3212,2.8309
2.5116,51.7887,2.2743,2.8861
2.5864,51.4460,2.2236,2.9459
2.6578,51.1019,2.1689,3.0107
2.6627,51.0777,2.1650,3.0154
2.7260,50.7566,2.1094,3.0782
2.7933,50.4106,2.0451,3.1433
2.8620,50.0651,1.9791,3.2027
2.9349,49.7210,1.9150,3.2538
3.0145,49.3793,1.8563,3.2951
3.1034,49.0411,1.8069,3.3251
3.2042,48.7074,1.7707,3.3442
3.3196,48.3790,1.7520,3.3525
3.3710,48.2478,1.7505,3.3530
3.4517,48.0571,1.7552,3.3510
3.5989,47.7407,1.7796,3.3391
3.7560,47.4279,1.8161,3.3154
3.9178,47.1166,1.8544,3.2794
4.0791,46.8048,1.8882,3.2394
4.2348,46.4905,1.9132,3.2028
4.2522,46.4536,1.9153,3.1992
4.3804,46.1718,1.9272,3.1797
4.5168,45.8492,1.9326,3.1715
4.6463,45.5239,1.9309,3.1738
4.7712,45.1967,1.9234,3.1826
4.8939,44.8690,1.9126,3.1946
4.9874,44.6199,1.9034,3.2036
5.0169,44.5417,1.9007,3.2064
5.1420,44.2157,1.8894,3.2165
5.2697,43.8908,1.8800,3.2256
5.4004,43.5670,1.8727,3.2324
5.5347,43.2443,1.8673,3.2369
5.6730,42.9225,1.8648,3.2393
5.8157,42.6015,1.8664,3.2380
5.9461,42.3181,1.8718,3.2336
5.9633,42.2813,1.8729,3.2328
6.1155,41.9617,1.8854,3.2224
6.2702,41.6423,1.9022,3.2081
6.4249,41.3226,1.9212,3.1903
6.5771,41.0022,1.9401,3.1705
6.7243,40.6807,1.9591,3.1511
6.8641,40.3575,1.9755,3.1343
6.9938,40.0323,1.9865,3.1192
7.1111,39.7046,1.9936,3.1100
7.2134,39.3739,1.9974,3.1050
7.2983,39.0398,1.9946,3.1004
7.3349,38.8634,1.9956,3.0973
7.3632,38.7018,1.9962,3.0974
7.4075,38.3601,1.9877,3.1088
7.4318,38.0152,1.9749,3.1297
7.4374,37.6678,1.9518,3.1574
7.4250,37.3184,1.9225,3.1914
7.3956,36.9678,1.8895,3.2297
7.3503,36.6164,1.8513,3.2705
7.2899,36.2650,1.8104,3.3042
7.2155,35.9142,1.7723,3.3318
7.1280,35.5646,1.7402,3.3573
7.0284,35.2167,1.7147,3.3807
6.9175,34.8713,1.6958,3.3937
6.8268,34.6120,1.6854,3.3995
6.7965,34.5290,1.6841,3.4006
6.6656,34.1907,1.6801,3.4042
6.5241,33.8582,1.6821,3.4051
6.3709,33.5332,1.6894,3.4231
6.2052,33.2174,1.7104,3.4436
6.0260,32.9128,1.7328,3.4671
5.8323,32.6210,1.7509,3.4949
5.6231,32.3439,1.7623,3.5293
5.3976,32.0832,1.7683,3.5731
5.1547,31.8407,1.7676,3.6269
5.1365,31.8239,1.7672,3.6292
4.8941,31.6176,1.7559,3.6738
4.6173,31.4121,1.7387,3.7015
4.3271,31.2216,1.7135,3.7304
4.0258,31.0434,1.6799,3.7584
3.7160,30.8749,1.6429,3.7843
3.4001,30.7133,1.6091,3.8063
3.0807,30.5560,1.5820,3.8224
2.7603,30.4003,1.5650,3.8265
2.4413,30.2436,1.5614,3.8258
2.4073,30.2266,1.5622,3.8249
2.1259,30.0837,1.5730,3.8156
1.8138,29.9210,1.5907,3.8088
1.5038,29.7572,1.5901,3.8094
1.1948,29.5936,1.5981,3.8028
0.8857,29.4316,1.6097,3.7934
0.5755,29.2729,1.6219,3.7817
0.2630,29.1187,1.6322,3.7693
-0.0232,28.9842,1.6391,3.7613
-0.0530,28.9706,1.6395,3.7608
-0.3729,28.8294,1.6412,3.7588
-0.6963,28.6942,1.6380,3.7626
-1.0221,28.5636,1.6310,3.7709
-1.3495,28.4363,1.6205,3.7828
-1.6775,28.3110,1.6076,3.8146
-2.0052,28.1863,1.5928,3.8562
-2.3316,28.0610,1.5774,3.9013
-2.6560,27.9338,1.5631,3.9440
-2.8569,27.8527,1.5546,3.9677
-2.9773,27.8032,1.5506,3.9821
-3.2956,27.6692,1.5399,4.0204
-3.6126,27.5331,1.5300,4.0625
-3.9299,27.3963,1.5176,4.1105
-4.2491,27.2604,1.5008,4.1681
-4.5719,27.1268,1.4793,4.2402
-4.8999,26.9969,1.4475,4.3327
-5.2348,26.8722,1.4073,4.4518
-5.5050,26.7785,1.3663,4.5744
-5.5782,26.7542,1.3541,4.6124
-5.9292,26.6420,1.2841,4.7895
-6.2809,26.5295,1.2042,4.9436
-6.6261,26.4099,1.1181,5.0419
-6.9572,26.2767,1.0404,5.0619
-7.2669,26.1231,0.9862,5.0142
-7.5477,25.9424,0.9598,4.9452
-7.7590,25.7615,0.9799,4.9386
-7.7921,25.7279,0.9874,4.9471
-7.9960,25.4759,1.0837,5.0612
-8.1632,25.1904,1.2225,5.2242
-8.2989,24.8770,1.3985,5.3643
-8.4083,24.5408,1.6040,5.4309
-8.4965,24.1874,1.7035,5.3899
-8.5689,23.8220,1.8127,5.2311
-8.6305,23.4499,1.8966,4.9662
-8.6866,23.0767,1.9713,4.6297
-8.7173,22.8708,1.9956,4.4306
-8.7738,22.5053,2.0367,4.1186
-8.8297,22.1461,2.0573,3.8940
-8.8818,21.7925,2.0674,3.7363
-8.9270,21.4437,2.0649,3.5961
-8.9621,21.0990,2.0543,3.4794
-8.9839,20.7576,2.0345,3.3915
-8.9892,20.4188,2.0171,3.3200
-8.9749,20.0818,2.0441,3.2652
-8.9736,20.0643,2.0467,3.2624
-8.9388,19.7458,2.0986,3.2030
-8.8831,19.4101,2.1401,3.1223
-8.8114,19.0740,2.1800,3.0344
-8.7274,18.7367,2.2144,2.9517
-8.6346,18.3974,2.2316,2.8864
-8.5366,18.0553,2.2461,2.8422
-8.4370,17.7099,2.2363,2.8249
-8.3394,17.3601,2.2231,2.8411
-8.3125,17.2596,2.2134,2.8510
-8.2470,17.0057,2.1850,2.9021
-8.1586,16.6481,2.1384,2.9919
-8.0707,16.2904,2.0787,3.0933
-7.9798,15.9353,2.0107,3.1936
-7.8823,15.5858,1.9356,3.2813
-7.7747,15.2447,1.8530,3.3488
-7.6534,14.9150,1.7771,3.3954
-7.5149,14.5996,1.7147,3.4192
-7.3557,14.3013,1.6744,3.4261
-7.1721,14.0231,1.6661,3.4261
-6.9933,13.8035,1.6894,3.4295
-6.9607,13.7679,1.6979,3.4308
-6.7199,13.5368,1.7276,3.4366
-6.4535,13.3268,1.7900,3.4242
-6.1662,13.1340,1.8762,3.3797
-5.8625,12.9547,1.9745,3.2998
-5.5471,12.7850,2.0754,3.1836
-5.2247,12.6211,2.1650,3.0601
-4.8998,12.4593,2.2406,2.9247
-4.5771,12.2956,2.3001,2.7890
-4.4757,12.2426,2.3164,2.7475
-4.2609,12.1267,2.3480,2.6724
-3.9520,11.9516,2.3885,2.5909
-3.6494,11.7714,2.4240,2.5441
-3.3517,11.5872,2.4551,2.5103
-3.0578,11.3998,2.4694,2.4787
-2.7663,11.2105,2.4782,2.4673
-2.4760,11.0202,2.4743,2.4714
-2.1857,10.8298,2.4651,2.4846
-1.9580,10.6817,2.4539,2.4982
-1.8942,10.6405,2.4511,2.5025
-1.6006,10.4528,2.4314,2.5226
-1.3053,10.2667,2.4108,2.5448
-1.0084,10.0817,2.3887,2.5687
-0.7105,9.8977,2.3646,2.5923
-0.4117,9.7144,2.3409,2.6158
-0.1124,9.5315,2.3174,2.6378
0.1871,9.3487,2.2953,2.6582
0.4863,9.1657,2.2753,2.6775
0.5596,9.1208,2.2706,2.6815
0.7851,8.9824,2.2569,2.6941
1.0833,8.7986,2.2401,2.7096
1.3811,8.6144,2.2255,2.7241
1.6786,8.4300,2.2121,2.7363
1.9758,8.2454,2.2000,2.7475
2.2728,8.0606,2.1898,2.7575
2.5698,7.8757,2.1811,2.7657
2.8667,7.6909,2.1735,2.7727
3.0773,7.5599,2.1691,2.7771
3.1638,7.5061,2.1673,2.7787
3.4610,7.3214,2.1626,2.7832
3.7583,7.1369,2.1589,2.7867
4.0557,6.9524,2.1560,2.7895
4.3533,6.7680,2.1540,2.7916
4.6508,6.5837,2.1524,2.7931
4.9484,6.3994,2.1512,2.7943
5.2460,6.2151,2.1501,2.7954
5.5436,6.0308,2.1491,2.7965
5.5950,5.9990,2.1489,2.7966
5.8412,5.8464,2.1478,2.7978
6.1387,5.6620,2.1462,2.7994
6.4362,5.4776,2.1440,2.8016
6.7337,5.2932,2.1411,2.8046
7.0311,5.1087,2.1377,2.8082
7.3285,4.9243,2.1332,2.8127
7.6260,4.7398,2.1279,2.8183
7.9234,4.5554,2.1220,2.8244
8.1126,4.4380,2.1177,2.8287
8.2208,4.3709,2.1152,2.8312
8.5183,4.1865,2.1078,2.8389
8.8157,4.0021,2.0998,2.8471
9.1132,3.8176,2.0914,2.8557
9.4107,3.6332,2.0823,2.8648
9.7082,3.4488,2.0729,2.8744
10.0056,3.2644,2.0632,2.8843
10.3031,3.0799,2.0531,2.8945
10.6006,2.8955,2.0427,2.9049
10.6303,2.8771,2.0417,2.9060
10.8981,2.7111,2.0322,2.9155
11.1955,2.5267,2.0215,2.9263
11.4930,2.3423,2.0107,2.9371
11.7905,2.1578,1.9999,2.9478
12.0879,1.9734,1.9891,2.9586
12.3854,1.7890,1.9784,2.9692
12.6829,1.6046,1.9679,2.9796
12.9803,1.4201,1.9575,2.9899
13.1479,1.3162,1.9519,2.9955
13.2778,1.2357,1.9475,2.9999
13.5753,1.0513,1.9378,3.0094
13.8727,0.8668,1.9284,3.0186
14.1702,0.6824,1.9194,3.0275
14.4677,0.4980,1.9109,3.0358
14.7651,0.3135,1.9028,3.0438
15.0626,0.1291,1.8950,3.0515
15.3601,-0.0553,1.8877,3.0587
15.6575,-0.2397,1.8809,3.0654
15.6656,-0.2447,1.8807,3.0656
15.9550,-0.4241,1.8743,3.0718
16.2525,-0.6085,1.8683,3.0778
16.5500,-0.7929,1.8627,3.0832
16.8475,-0.9773,1.8575,3.0883
17.1449,-1.1617,1.8527,3.0931
17.4424,-1.3462,1.8484,3.0974
17.7399,-1.5306,1.8444,3.1013
18.0373,-1.7151,1.8407,3.1048
18.1833,-1.8056,1.8392,3.1063
18.3347,-1.8996,1.8377,3.1079
18.6321,-2.0841,1.8349,3.1105
18.9296,-2.2686,1.8326,3.1128
19.2270,-2.4531,1.8308,3.1147
19.5244,-2.6376,1.8294,3.1160
19.8219,-2.8220,1.8285,3.1168
20.1194,-3.0064,1.8281,3.1172
20.4169,-3.1907,1.8284,3.1170
20.7009,-3.3665,1.8291,3.1163
20.7145,-3.3749,1.8292,3.1162
21.0121,-3.5591,1.8303,3.1151
21.3098,-3.7432,1.8320,3.1134
21.6075,-3.9272,1.8339,3.1116
21.9051,-4.1114,1.8358,3.1097
22.2027,-4.2957,1.8377,3.1078
22.5001,-4.4802,1.8393,3.1062
22.7974,-4.6650,1.8405,3.1049
23.0945,-4.8500,1.8413,3.1041
23.2186,-4.9275,1.8414,3.1040
23.3913,-5.0354,1.8414,3.1040
23.6880,-5.2211,1.8408,3.1046
23.9847,-5.4068,1.8400,3.1055
24.2815,-5.5923,1.8387,3.1068
24.5786,-5.7775,1.8373,3.1081
24.8760,-5.9620,1.8361,3.1093
25.1739,-6.1457,1.8352,3.1103
25.4724,-6.3284,1.8345,3.1109
25.7362,-6.4884,1.8346,3.1108
25.7717,-6.5098,1.8346,3.1108
26.0718,-6.6898,1.8355,3.1100
26.3727,-6.8686,1.8364,3.1090
26.6742,-7.0464,1.8376,3.1079
26.9761,-7.2234,1.8386,3.1068
27.2783,-7.4000,1.8386,3.1068
